title,author,genre,year,pages,available
The Signal and the Noise,Nate Silver,Statistics,2012,534,True
Thinking Fast and Slow,Daniel Kahneman,Psychology,2011,499,False
The Hidden Life of Trees,Peter Wohlleben,Nature,2015,288,True
Invisible Women,Caroline Criado Perez,Social Science,2019,410,True
The Art of Statistics,David Spiegelhalter,Statistics,2019,448,False
Sapiens,Yuval Noah Harari,History,2011,443,True
How Not to Be Wrong,Jordan Ellenberg,Mathematics,2014,468,False
Bad Science,Ben Goldacre,Health,2008,336,True
The Innovators,Walter Isaacson,Technology,2014,542,True
Data Feminism,Catherine D'Ignazio,Social Science,2020,328,True
Nudge,Richard Thaler,Behavioral Economics,2008,312,False
The Code Book,Simon Singh,Technology,1999,402,True
Factfulness,Hans Rosling,Statistics,2018,342,False
Weapons of Math Destruction,Cathy O'Neil,Social Science,2016,272,True
Range,David Epstein,Psychology,2019,352,True
